{"count":1,"self":100.8593344,"total":254.64712759999998,"children":{"InitializeActuators":{"count":3,"self":0.0028006999999999997,"total":0.0028006999999999997,"children":null},"InitializeSensors":{"count":3,"self":0.0040025,"total":0.0040025,"children":null},"AgentSendState":{"count":48734,"self":0.51328849999999993,"total":1.9870763,"children":{"CollectObservations":{"count":29241,"self":0.15797529999999999,"total":0.15797529999999999,"children":null},"WriteActionMask":{"count":29241,"self":0.0594264,"total":0.0594264,"children":null},"RequestDecision":{"count":29241,"self":0.4010531,"total":1.2563860999999998,"children":{"AgentInfo.ToProto":{"count":29241,"self":0.27361019999999997,"total":0.855333,"children":{"GenerateSensorData":{"count":29241,"self":0.5817228,"total":0.5817228,"children":null}}}}}}},"DecideAction":{"count":48734,"self":150.7953408,"total":150.795343,"children":null},"AgentAct":{"count":48734,"self":0.93430669999999993,"total":0.9376508,"children":{"AgentInfo.ToProto":{"count":21,"self":0.0028192,"total":0.0033441,"children":{"GenerateSensorData":{"count":21,"self":0.0005249,"total":0.0005249,"children":null}}}}},"AgentInfo.ToProto":{"count":1335,"self":0.0255292,"total":0.0599136,"children":{"GenerateSensorData":{"count":1335,"self":0.034384399999999996,"total":0.034384399999999996,"children":null}}}},"gauges":{"MoveToGoal.CumulativeReward":{"count":1356,"max":2,"min":-1,"runningAverage":0.8694691,"value":1,"weightedAverage":0.996368051}},"metadata":{"timer_format_version":"0.1.0","start_time_seconds":"1743336010","unity_version":"2022.3.20f1","command_line_arguments":"D:\\Unity\\2022.3.20f1\\Editor\\Unity.exe -projectpath D:\\UnityProjects\\First ML Project -useHub -hubIPC -cloudEnvironment production -licensingIpc LicenseClient-Sahil -hubSessionId c50e7ae7-d3e3-4bb6-9126-0a2da1a59462 -accessToken y_ct20KIfPMgKwuCKv3AiYR7lccI7eOWP9yzZd-7vTg012f","communication_protocol_version":"1.5.0","com.unity.ml-agents_version":"2.0.1","scene_name":"MoveToGoal_Tut","end_time_seconds":"1743336265"}}